Date,Year,Month,Month_Name,Quarter,Day,Day_of_Week,Day_Name,Week_of_Year,Day_of_Year,Year_Month,Year_Quarter,Is_Weekend
2016-09-04,2016,9,September,3,4,7,Sunday,35,248,2016-09,2016-Q3,1
2016-09-05,2016,9,September,3,5,1,Monday,36,249,2016-09,2016-Q3,0
2016-09-06,2016,9,September,3,6,2,Tuesday,36,250,2016-09,2016-Q3,0
2016-09-07,2016,9,September,3,7,3,Wednesday,36,251,2016-09,2016-Q3,0
2016-09-08,2016,9,September,3,8,4,Thursday,36,252,2016-09,2016-Q3,0
2016-09-09,2016,9,September,3,9,5,Friday,36,253,2016-09,2016-Q3,0
2016-09-10,2016,9,September,3,10,6,Saturday,36,254,2016-09,2016-Q3,1
2016-09-11,2016,9,September,3,11,7,Sunday,36,255,2016-09,2016-Q3,1
2016-09-12,2016,9,September,3,12,1,Monday,37,256,2016-09,2016-Q3,0
2016-09-13,2016,9,September,3,13,2,Tuesday,37,257,2016-09,2016-Q3,0
2016-09-14,2016,9,September,3,14,3,Wednesday,37,258,2016-09,2016-Q3,0
2016-09-15,2016,9,September,3,15,4,Thursday,37,259,2016-09,2016-Q3,0
2016-09-16,2016,9,September,3,16,5,Friday,37,260,2016-09,2016-Q3,0
2016-09-17,2016,9,September,3,17,6,Saturday,37,261,2016-09,2016-Q3,1
2016-09-18,2016,9,September,3,18,7,Sunday,37,262,2016-09,2016-Q3,1
2016-09-19,2016,9,September,3,19,1,Monday,38,263,2016-09,2016-Q3,0
2016-09-20,2016,9,September,3,20,2,Tuesday,38,264,2016-09,2016-Q3,0
2016-09-21,2016,9,September,3,21,3,Wednesday,38,265,2016-09,2016-Q3,0
2016-09-22,2016,9,September,3,22,4,Thursday,38,266,2016-09,2016-Q3,0
2016-09-23,2016,9,September,3,23,5,Friday,38,267,2016-09,2016-Q3,0
2016-09-24,2016,9,September,3,24,6,Saturday,38,268,2016-09,2016-Q3,1
2016-09-25,2016,9,September,3,25,7,Sunday,38,269,2016-09,2016-Q3,1
2016-09-26,2016,9,September,3,26,1,Monday,39,270,2016-09,2016-Q3,0
2016-09-27,2016,9,September,3,27,2,Tuesday,39,271,2016-09,2016-Q3,0
2016-09-28,2016,9,September,3,28,3,Wednesday,39,272,2016-09,2016-Q3,0
2016-09-29,2016,9,September,3,29,4,Thursday,39,273,2016-09,2016-Q3,0
2016-09-30,2016,9,September,3,30,5,Friday,39,274,2016-09,2016-Q3,0
2016-10-01,2016,10,October,4,1,6,Saturday,39,275,2016-10,2016-Q4,1
2016-10-02,2016,10,October,4,2,7,Sunday,39,276,2016-10,2016-Q4,1
2016-10-03,2016,10,October,4,3,1,Monday,40,277,2016-10,2016-Q4,0
2016-10-04,2016,10,October,4,4,2,Tuesday,40,278,2016-10,2016-Q4,0
2016-10-05,2016,10,October,4,5,3,Wednesday,40,279,2016-10,2016-Q4,0
2016-10-06,2016,10,October,4,6,4,Thursday,40,280,2016-10,2016-Q4,0
2016-10-07,2016,10,October,4,7,5,Friday,40,281,2016-10,2016-Q4,0
2016-10-08,2016,10,October,4,8,6,Saturday,40,282,2016-10,2016-Q4,1
2016-10-09,2016,10,October,4,9,7,Sunday,40,283,2016-10,2016-Q4,1
2016-10-10,2016,10,October,4,10,1,Monday,41,284,2016-10,2016-Q4,0
2016-10-11,2016,10,October,4,11,2,Tuesday,41,285,2016-10,2016-Q4,0
2016-10-12,2016,10,October,4,12,3,Wednesday,41,286,2016-10,2016-Q4,0
2016-10-13,2016,10,October,4,13,4,Thursday,41,287,2016-10,2016-Q4,0
2016-10-14,2016,10,October,4,14,5,Friday,41,288,2016-10,2016-Q4,0
2016-10-15,2016,10,October,4,15,6,Saturday,41,289,2016-10,2016-Q4,1
2016-10-16,2016,10,October,4,16,7,Sunday,41,290,2016-10,2016-Q4,1
2016-10-17,2016,10,October,4,17,1,Monday,42,291,2016-10,2016-Q4,0
2016-10-18,2016,10,October,4,18,2,Tuesday,42,292,2016-10,2016-Q4,0
2016-10-19,2016,10,October,4,19,3,Wednesday,42,293,2016-10,2016-Q4,0
2016-10-20,2016,10,October,4,20,4,Thursday,42,294,2016-10,2016-Q4,0
2016-10-21,2016,10,October,4,21,5,Friday,42,295,2016-10,2016-Q4,0
2016-10-22,2016,10,October,4,22,6,Saturday,42,296,2016-10,2016-Q4,1
2016-10-23,2016,10,October,4,23,7,Sunday,42,297,2016-10,2016-Q4,1
2016-10-24,2016,10,October,4,24,1,Monday,43,298,2016-10,2016-Q4,0
2016-10-25,2016,10,October,4,25,2,Tuesday,43,299,2016-10,2016-Q4,0
2016-10-26,2016,10,October,4,26,3,Wednesday,43,300,2016-10,2016-Q4,0
2016-10-27,2016,10,October,4,27,4,Thursday,43,301,2016-10,2016-Q4,0
2016-10-28,2016,10,October,4,28,5,Friday,43,302,2016-10,2016-Q4,0
2016-10-29,2016,10,October,4,29,6,Saturday,43,303,2016-10,2016-Q4,1
2016-10-30,2016,10,October,4,30,7,Sunday,43,304,2016-10,2016-Q4,1
2016-10-31,2016,10,October,4,31,1,Monday,44,305,2016-10,2016-Q4,0
2016-11-01,2016,11,November,4,1,2,Tuesday,44,306,2016-11,2016-Q4,0
2016-11-02,2016,11,November,4,2,3,Wednesday,44,307,2016-11,2016-Q4,0
2016-11-03,2016,11,November,4,3,4,Thursday,44,308,2016-11,2016-Q4,0
2016-11-04,2016,11,November,4,4,5,Friday,44,309,2016-11,2016-Q4,0
2016-11-05,2016,11,November,4,5,6,Saturday,44,310,2016-11,2016-Q4,1
2016-11-06,2016,11,November,4,6,7,Sunday,44,311,2016-11,2016-Q4,1
2016-11-07,2016,11,November,4,7,1,Monday,45,312,2016-11,2016-Q4,0
2016-11-08,2016,11,November,4,8,2,Tuesday,45,313,2016-11,2016-Q4,0
2016-11-09,2016,11,November,4,9,3,Wednesday,45,314,2016-11,2016-Q4,0
2016-11-10,2016,11,November,4,10,4,Thursday,45,315,2016-11,2016-Q4,0
2016-11-11,2016,11,November,4,11,5,Friday,45,316,2016-11,2016-Q4,0
2016-11-12,2016,11,November,4,12,6,Saturday,45,317,2016-11,2016-Q4,1
2016-11-13,2016,11,November,4,13,7,Sunday,45,318,2016-11,2016-Q4,1
2016-11-14,2016,11,November,4,14,1,Monday,46,319,2016-11,2016-Q4,0
2016-11-15,2016,11,November,4,15,2,Tuesday,46,320,2016-11,2016-Q4,0
2016-11-16,2016,11,November,4,16,3,Wednesday,46,321,2016-11,2016-Q4,0
2016-11-17,2016,11,November,4,17,4,Thursday,46,322,2016-11,2016-Q4,0
2016-11-18,2016,11,November,4,18,5,Friday,46,323,2016-11,2016-Q4,0
2016-11-19,2016,11,November,4,19,6,Saturday,46,324,2016-11,2016-Q4,1
2016-11-20,2016,11,November,4,20,7,Sunday,46,325,2016-11,2016-Q4,1
2016-11-21,2016,11,November,4,21,1,Monday,47,326,2016-11,2016-Q4,0
2016-11-22,2016,11,November,4,22,2,Tuesday,47,327,2016-11,2016-Q4,0
2016-11-23,2016,11,November,4,23,3,Wednesday,47,328,2016-11,2016-Q4,0
2016-11-24,2016,11,November,4,24,4,Thursday,47,329,2016-11,2016-Q4,0
2016-11-25,2016,11,November,4,25,5,Friday,47,330,2016-11,2016-Q4,0
2016-11-26,2016,11,November,4,26,6,Saturday,47,331,2016-11,2016-Q4,1
2016-11-27,2016,11,November,4,27,7,Sunday,47,332,2016-11,2016-Q4,1
2016-11-28,2016,11,November,4,28,1,Monday,48,333,2016-11,2016-Q4,0
2016-11-29,2016,11,November,4,29,2,Tuesday,48,334,2016-11,2016-Q4,0
2016-11-30,2016,11,November,4,30,3,Wednesday,48,335,2016-11,2016-Q4,0
2016-12-01,2016,12,December,4,1,4,Thursday,48,336,2016-12,2016-Q4,0
2016-12-02,2016,12,December,4,2,5,Friday,48,337,2016-12,2016-Q4,0
2016-12-03,2016,12,December,4,3,6,Saturday,48,338,2016-12,2016-Q4,1
2016-12-04,2016,12,December,4,4,7,Sunday,48,339,2016-12,2016-Q4,1
2016-12-05,2016,12,December,4,5,1,Monday,49,340,2016-12,2016-Q4,0
2016-12-06,2016,12,December,4,6,2,Tuesday,49,341,2016-12,2016-Q4,0
2016-12-07,2016,12,December,4,7,3,Wednesday,49,342,2016-12,2016-Q4,0
2016-12-08,2016,12,December,4,8,4,Thursday,49,343,2016-12,2016-Q4,0
2016-12-09,2016,12,December,4,9,5,Friday,49,344,2016-12,2016-Q4,0
2016-12-10,2016,12,December,4,10,6,Saturday,49,345,2016-12,2016-Q4,1
2016-12-11,2016,12,December,4,11,7,Sunday,49,346,2016-12,2016-Q4,1
2016-12-12,2016,12,December,4,12,1,Monday,50,347,2016-12,2016-Q4,0
2016-12-13,2016,12,December,4,13,2,Tuesday,50,348,2016-12,2016-Q4,0
2016-12-14,2016,12,December,4,14,3,Wednesday,50,349,2016-12,2016-Q4,0
2016-12-15,2016,12,December,4,15,4,Thursday,50,350,2016-12,2016-Q4,0
2016-12-16,2016,12,December,4,16,5,Friday,50,351,2016-12,2016-Q4,0
2016-12-17,2016,12,December,4,17,6,Saturday,50,352,2016-12,2016-Q4,1
2016-12-18,2016,12,December,4,18,7,Sunday,50,353,2016-12,2016-Q4,1
2016-12-19,2016,12,December,4,19,1,Monday,51,354,2016-12,2016-Q4,0
2016-12-20,2016,12,December,4,20,2,Tuesday,51,355,2016-12,2016-Q4,0
2016-12-21,2016,12,December,4,21,3,Wednesday,51,356,2016-12,2016-Q4,0
2016-12-22,2016,12,December,4,22,4,Thursday,51,357,2016-12,2016-Q4,0
2016-12-23,2016,12,December,4,23,5,Friday,51,358,2016-12,2016-Q4,0
2016-12-24,2016,12,December,4,24,6,Saturday,51,359,2016-12,2016-Q4,1
2016-12-25,2016,12,December,4,25,7,Sunday,51,360,2016-12,2016-Q4,1
2016-12-26,2016,12,December,4,26,1,Monday,52,361,2016-12,2016-Q4,0
2016-12-27,2016,12,December,4,27,2,Tuesday,52,362,2016-12,2016-Q4,0
2016-12-28,2016,12,December,4,28,3,Wednesday,52,363,2016-12,2016-Q4,0
2016-12-29,2016,12,December,4,29,4,Thursday,52,364,2016-12,2016-Q4,0
2016-12-30,2016,12,December,4,30,5,Friday,52,365,2016-12,2016-Q4,0
2016-12-31,2016,12,December,4,31,6,Saturday,52,366,2016-12,2016-Q4,1
2017-01-01,2017,1,January,1,1,7,Sunday,52,1,2017-01,2017-Q1,1
2017-01-02,2017,1,January,1,2,1,Monday,1,2,2017-01,2017-Q1,0
2017-01-03,2017,1,January,1,3,2,Tuesday,1,3,2017-01,2017-Q1,0
2017-01-04,2017,1,January,1,4,3,Wednesday,1,4,2017-01,2017-Q1,0
2017-01-05,2017,1,January,1,5,4,Thursday,1,5,2017-01,2017-Q1,0
2017-01-06,2017,1,January,1,6,5,Friday,1,6,2017-01,2017-Q1,0
2017-01-07,2017,1,January,1,7,6,Saturday,1,7,2017-01,2017-Q1,1
2017-01-08,2017,1,January,1,8,7,Sunday,1,8,2017-01,2017-Q1,1
2017-01-09,2017,1,January,1,9,1,Monday,2,9,2017-01,2017-Q1,0
2017-01-10,2017,1,January,1,10,2,Tuesday,2,10,2017-01,2017-Q1,0
2017-01-11,2017,1,January,1,11,3,Wednesday,2,11,2017-01,2017-Q1,0
2017-01-12,2017,1,January,1,12,4,Thursday,2,12,2017-01,2017-Q1,0
2017-01-13,2017,1,January,1,13,5,Friday,2,13,2017-01,2017-Q1,0
2017-01-14,2017,1,January,1,14,6,Saturday,2,14,2017-01,2017-Q1,1
2017-01-15,2017,1,January,1,15,7,Sunday,2,15,2017-01,2017-Q1,1
2017-01-16,2017,1,January,1,16,1,Monday,3,16,2017-01,2017-Q1,0
2017-01-17,2017,1,January,1,17,2,Tuesday,3,17,2017-01,2017-Q1,0
2017-01-18,2017,1,January,1,18,3,Wednesday,3,18,2017-01,2017-Q1,0
2017-01-19,2017,1,January,1,19,4,Thursday,3,19,2017-01,2017-Q1,0
2017-01-20,2017,1,January,1,20,5,Friday,3,20,2017-01,2017-Q1,0
2017-01-21,2017,1,January,1,21,6,Saturday,3,21,2017-01,2017-Q1,1
2017-01-22,2017,1,January,1,22,7,Sunday,3,22,2017-01,2017-Q1,1
2017-01-23,2017,1,January,1,23,1,Monday,4,23,2017-01,2017-Q1,0
2017-01-24,2017,1,January,1,24,2,Tuesday,4,24,2017-01,2017-Q1,0
2017-01-25,2017,1,January,1,25,3,Wednesday,4,25,2017-01,2017-Q1,0
2017-01-26,2017,1,January,1,26,4,Thursday,4,26,2017-01,2017-Q1,0
2017-01-27,2017,1,January,1,27,5,Friday,4,27,2017-01,2017-Q1,0
2017-01-28,2017,1,January,1,28,6,Saturday,4,28,2017-01,2017-Q1,1
2017-01-29,2017,1,January,1,29,7,Sunday,4,29,2017-01,2017-Q1,1
2017-01-30,2017,1,January,1,30,1,Monday,5,30,2017-01,2017-Q1,0
2017-01-31,2017,1,January,1,31,2,Tuesday,5,31,2017-01,2017-Q1,0
2017-02-01,2017,2,February,1,1,3,Wednesday,5,32,2017-02,2017-Q1,0
2017-02-02,2017,2,February,1,2,4,Thursday,5,33,2017-02,2017-Q1,0
2017-02-03,2017,2,February,1,3,5,Friday,5,34,2017-02,2017-Q1,0
2017-02-04,2017,2,February,1,4,6,Saturday,5,35,2017-02,2017-Q1,1
2017-02-05,2017,2,February,1,5,7,Sunday,5,36,2017-02,2017-Q1,1
2017-02-06,2017,2,February,1,6,1,Monday,6,37,2017-02,2017-Q1,0
2017-02-07,2017,2,February,1,7,2,Tuesday,6,38,2017-02,2017-Q1,0
2017-02-08,2017,2,February,1,8,3,Wednesday,6,39,2017-02,2017-Q1,0
2017-02-09,2017,2,February,1,9,4,Thursday,6,40,2017-02,2017-Q1,0
2017-02-10,2017,2,February,1,10,5,Friday,6,41,2017-02,2017-Q1,0
2017-02-11,2017,2,February,1,11,6,Saturday,6,42,2017-02,2017-Q1,1
2017-02-12,2017,2,February,1,12,7,Sunday,6,43,2017-02,2017-Q1,1
2017-02-13,2017,2,February,1,13,1,Monday,7,44,2017-02,2017-Q1,0
2017-02-14,2017,2,February,1,14,2,Tuesday,7,45,2017-02,2017-Q1,0
2017-02-15,2017,2,February,1,15,3,Wednesday,7,46,2017-02,2017-Q1,0
2017-02-16,2017,2,February,1,16,4,Thursday,7,47,2017-02,2017-Q1,0
2017-02-17,2017,2,February,1,17,5,Friday,7,48,2017-02,2017-Q1,0
2017-02-18,2017,2,February,1,18,6,Saturday,7,49,2017-02,2017-Q1,1
2017-02-19,2017,2,February,1,19,7,Sunday,7,50,2017-02,2017-Q1,1
2017-02-20,2017,2,February,1,20,1,Monday,8,51,2017-02,2017-Q1,0
2017-02-21,2017,2,February,1,21,2,Tuesday,8,52,2017-02,2017-Q1,0
2017-02-22,2017,2,February,1,22,3,Wednesday,8,53,2017-02,2017-Q1,0
2017-02-23,2017,2,February,1,23,4,Thursday,8,54,2017-02,2017-Q1,0
2017-02-24,2017,2,February,1,24,5,Friday,8,55,2017-02,2017-Q1,0
2017-02-25,2017,2,February,1,25,6,Saturday,8,56,2017-02,2017-Q1,1
2017-02-26,2017,2,February,1,26,7,Sunday,8,57,2017-02,2017-Q1,1
2017-02-27,2017,2,February,1,27,1,Monday,9,58,2017-02,2017-Q1,0
2017-02-28,2017,2,February,1,28,2,Tuesday,9,59,2017-02,2017-Q1,0
2017-03-01,2017,3,March,1,1,3,Wednesday,9,60,2017-03,2017-Q1,0
2017-03-02,2017,3,March,1,2,4,Thursday,9,61,2017-03,2017-Q1,0
2017-03-03,2017,3,March,1,3,5,Friday,9,62,2017-03,2017-Q1,0
2017-03-04,2017,3,March,1,4,6,Saturday,9,63,2017-03,2017-Q1,1
2017-03-05,2017,3,March,1,5,7,Sunday,9,64,2017-03,2017-Q1,1
2017-03-06,2017,3,March,1,6,1,Monday,10,65,2017-03,2017-Q1,0
2017-03-07,2017,3,March,1,7,2,Tuesday,10,66,2017-03,2017-Q1,0
2017-03-08,2017,3,March,1,8,3,Wednesday,10,67,2017-03,2017-Q1,0
2017-03-09,2017,3,March,1,9,4,Thursday,10,68,2017-03,2017-Q1,0
2017-03-10,2017,3,March,1,10,5,Friday,10,69,2017-03,2017-Q1,0
2017-03-11,2017,3,March,1,11,6,Saturday,10,70,2017-03,2017-Q1,1
2017-03-12,2017,3,March,1,12,7,Sunday,10,71,2017-03,2017-Q1,1
2017-03-13,2017,3,March,1,13,1,Monday,11,72,2017-03,2017-Q1,0
2017-03-14,2017,3,March,1,14,2,Tuesday,11,73,2017-03,2017-Q1,0
2017-03-15,2017,3,March,1,15,3,Wednesday,11,74,2017-03,2017-Q1,0
2017-03-16,2017,3,March,1,16,4,Thursday,11,75,2017-03,2017-Q1,0
2017-03-17,2017,3,March,1,17,5,Friday,11,76,2017-03,2017-Q1,0
2017-03-18,2017,3,March,1,18,6,Saturday,11,77,2017-03,2017-Q1,1
2017-03-19,2017,3,March,1,19,7,Sunday,11,78,2017-03,2017-Q1,1
2017-03-20,2017,3,March,1,20,1,Monday,12,79,2017-03,2017-Q1,0
2017-03-21,2017,3,March,1,21,2,Tuesday,12,80,2017-03,2017-Q1,0
2017-03-22,2017,3,March,1,22,3,Wednesday,12,81,2017-03,2017-Q1,0
2017-03-23,2017,3,March,1,23,4,Thursday,12,82,2017-03,2017-Q1,0
2017-03-24,2017,3,March,1,24,5,Friday,12,83,2017-03,2017-Q1,0
2017-03-25,2017,3,March,1,25,6,Saturday,12,84,2017-03,2017-Q1,1
2017-03-26,2017,3,March,1,26,7,Sunday,12,85,2017-03,2017-Q1,1
2017-03-27,2017,3,March,1,27,1,Monday,13,86,2017-03,2017-Q1,0
2017-03-28,2017,3,March,1,28,2,Tuesday,13,87,2017-03,2017-Q1,0
2017-03-29,2017,3,March,1,29,3,Wednesday,13,88,2017-03,2017-Q1,0
2017-03-30,2017,3,March,1,30,4,Thursday,13,89,2017-03,2017-Q1,0
2017-03-31,2017,3,March,1,31,5,Friday,13,90,2017-03,2017-Q1,0
2017-04-01,2017,4,April,2,1,6,Saturday,13,91,2017-04,2017-Q2,1
2017-04-02,2017,4,April,2,2,7,Sunday,13,92,2017-04,2017-Q2,1
2017-04-03,2017,4,April,2,3,1,Monday,14,93,2017-04,2017-Q2,0
2017-04-04,2017,4,April,2,4,2,Tuesday,14,94,2017-04,2017-Q2,0
2017-04-05,2017,4,April,2,5,3,Wednesday,14,95,2017-04,2017-Q2,0
2017-04-06,2017,4,April,2,6,4,Thursday,14,96,2017-04,2017-Q2,0
2017-04-07,2017,4,April,2,7,5,Friday,14,97,2017-04,2017-Q2,0
2017-04-08,2017,4,April,2,8,6,Saturday,14,98,2017-04,2017-Q2,1
2017-04-09,2017,4,April,2,9,7,Sunday,14,99,2017-04,2017-Q2,1
2017-04-10,2017,4,April,2,10,1,Monday,15,100,2017-04,2017-Q2,0
2017-04-11,2017,4,April,2,11,2,Tuesday,15,101,2017-04,2017-Q2,0
2017-04-12,2017,4,April,2,12,3,Wednesday,15,102,2017-04,2017-Q2,0
2017-04-13,2017,4,April,2,13,4,Thursday,15,103,2017-04,2017-Q2,0
2017-04-14,2017,4,April,2,14,5,Friday,15,104,2017-04,2017-Q2,0
2017-04-15,2017,4,April,2,15,6,Saturday,15,105,2017-04,2017-Q2,1
2017-04-16,2017,4,April,2,16,7,Sunday,15,106,2017-04,2017-Q2,1
2017-04-17,2017,4,April,2,17,1,Monday,16,107,2017-04,2017-Q2,0
2017-04-18,2017,4,April,2,18,2,Tuesday,16,108,2017-04,2017-Q2,0
2017-04-19,2017,4,April,2,19,3,Wednesday,16,109,2017-04,2017-Q2,0
2017-04-20,2017,4,April,2,20,4,Thursday,16,110,2017-04,2017-Q2,0
2017-04-21,2017,4,April,2,21,5,Friday,16,111,2017-04,2017-Q2,0
2017-04-22,2017,4,April,2,22,6,Saturday,16,112,2017-04,2017-Q2,1
2017-04-23,2017,4,April,2,23,7,Sunday,16,113,2017-04,2017-Q2,1
2017-04-24,2017,4,April,2,24,1,Monday,17,114,2017-04,2017-Q2,0
2017-04-25,2017,4,April,2,25,2,Tuesday,17,115,2017-04,2017-Q2,0
2017-04-26,2017,4,April,2,26,3,Wednesday,17,116,2017-04,2017-Q2,0
2017-04-27,2017,4,April,2,27,4,Thursday,17,117,2017-04,2017-Q2,0
2017-04-28,2017,4,April,2,28,5,Friday,17,118,2017-04,2017-Q2,0
2017-04-29,2017,4,April,2,29,6,Saturday,17,119,2017-04,2017-Q2,1
2017-04-30,2017,4,April,2,30,7,Sunday,17,120,2017-04,2017-Q2,1
2017-05-01,2017,5,May,2,1,1,Monday,18,121,2017-05,2017-Q2,0
2017-05-02,2017,5,May,2,2,2,Tuesday,18,122,2017-05,2017-Q2,0
2017-05-03,2017,5,May,2,3,3,Wednesday,18,123,2017-05,2017-Q2,0
2017-05-04,2017,5,May,2,4,4,Thursday,18,124,2017-05,2017-Q2,0
2017-05-05,2017,5,May,2,5,5,Friday,18,125,2017-05,2017-Q2,0
2017-05-06,2017,5,May,2,6,6,Saturday,18,126,2017-05,2017-Q2,1
2017-05-07,2017,5,May,2,7,7,Sunday,18,127,2017-05,2017-Q2,1
2017-05-08,2017,5,May,2,8,1,Monday,19,128,2017-05,2017-Q2,0
2017-05-09,2017,5,May,2,9,2,Tuesday,19,129,2017-05,2017-Q2,0
2017-05-10,2017,5,May,2,10,3,Wednesday,19,130,2017-05,2017-Q2,0
2017-05-11,2017,5,May,2,11,4,Thursday,19,131,2017-05,2017-Q2,0
2017-05-12,2017,5,May,2,12,5,Friday,19,132,2017-05,2017-Q2,0
2017-05-13,2017,5,May,2,13,6,Saturday,19,133,2017-05,2017-Q2,1
2017-05-14,2017,5,May,2,14,7,Sunday,19,134,2017-05,2017-Q2,1
2017-05-15,2017,5,May,2,15,1,Monday,20,135,2017-05,2017-Q2,0
2017-05-16,2017,5,May,2,16,2,Tuesday,20,136,2017-05,2017-Q2,0
2017-05-17,2017,5,May,2,17,3,Wednesday,20,137,2017-05,2017-Q2,0
2017-05-18,2017,5,May,2,18,4,Thursday,20,138,2017-05,2017-Q2,0
2017-05-19,2017,5,May,2,19,5,Friday,20,139,2017-05,2017-Q2,0
2017-05-20,2017,5,May,2,20,6,Saturday,20,140,2017-05,2017-Q2,1
2017-05-21,2017,5,May,2,21,7,Sunday,20,141,2017-05,2017-Q2,1
2017-05-22,2017,5,May,2,22,1,Monday,21,142,2017-05,2017-Q2,0
2017-05-23,2017,5,May,2,23,2,Tuesday,21,143,2017-05,2017-Q2,0
2017-05-24,2017,5,May,2,24,3,Wednesday,21,144,2017-05,2017-Q2,0
2017-05-25,2017,5,May,2,25,4,Thursday,21,145,2017-05,2017-Q2,0
2017-05-26,2017,5,May,2,26,5,Friday,21,146,2017-05,2017-Q2,0
2017-05-27,2017,5,May,2,27,6,Saturday,21,147,2017-05,2017-Q2,1
2017-05-28,2017,5,May,2,28,7,Sunday,21,148,2017-05,2017-Q2,1
2017-05-29,2017,5,May,2,29,1,Monday,22,149,2017-05,2017-Q2,0
2017-05-30,2017,5,May,2,30,2,Tuesday,22,150,2017-05,2017-Q2,0
2017-05-31,2017,5,May,2,31,3,Wednesday,22,151,2017-05,2017-Q2,0
2017-06-01,2017,6,June,2,1,4,Thursday,22,152,2017-06,2017-Q2,0
2017-06-02,2017,6,June,2,2,5,Friday,22,153,2017-06,2017-Q2,0
2017-06-03,2017,6,June,2,3,6,Saturday,22,154,2017-06,2017-Q2,1
2017-06-04,2017,6,June,2,4,7,Sunday,22,155,2017-06,2017-Q2,1
2017-06-05,2017,6,June,2,5,1,Monday,23,156,2017-06,2017-Q2,0
2017-06-06,2017,6,June,2,6,2,Tuesday,23,157,2017-06,2017-Q2,0
2017-06-07,2017,6,June,2,7,3,Wednesday,23,158,2017-06,2017-Q2,0
2017-06-08,2017,6,June,2,8,4,Thursday,23,159,2017-06,2017-Q2,0
2017-06-09,2017,6,June,2,9,5,Friday,23,160,2017-06,2017-Q2,0
2017-06-10,2017,6,June,2,10,6,Saturday,23,161,2017-06,2017-Q2,1
2017-06-11,2017,6,June,2,11,7,Sunday,23,162,2017-06,2017-Q2,1
2017-06-12,2017,6,June,2,12,1,Monday,24,163,2017-06,2017-Q2,0
2017-06-13,2017,6,June,2,13,2,Tuesday,24,164,2017-06,2017-Q2,0
2017-06-14,2017,6,June,2,14,3,Wednesday,24,165,2017-06,2017-Q2,0
2017-06-15,2017,6,June,2,15,4,Thursday,24,166,2017-06,2017-Q2,0
2017-06-16,2017,6,June,2,16,5,Friday,24,167,2017-06,2017-Q2,0
2017-06-17,2017,6,June,2,17,6,Saturday,24,168,2017-06,2017-Q2,1
2017-06-18,2017,6,June,2,18,7,Sunday,24,169,2017-06,2017-Q2,1
2017-06-19,2017,6,June,2,19,1,Monday,25,170,2017-06,2017-Q2,0
2017-06-20,2017,6,June,2,20,2,Tuesday,25,171,2017-06,2017-Q2,0
2017-06-21,2017,6,June,2,21,3,Wednesday,25,172,2017-06,2017-Q2,0
2017-06-22,2017,6,June,2,22,4,Thursday,25,173,2017-06,2017-Q2,0
2017-06-23,2017,6,June,2,23,5,Friday,25,174,2017-06,2017-Q2,0
2017-06-24,2017,6,June,2,24,6,Saturday,25,175,2017-06,2017-Q2,1
2017-06-25,2017,6,June,2,25,7,Sunday,25,176,2017-06,2017-Q2,1
2017-06-26,2017,6,June,2,26,1,Monday,26,177,2017-06,2017-Q2,0
2017-06-27,2017,6,June,2,27,2,Tuesday,26,178,2017-06,2017-Q2,0
2017-06-28,2017,6,June,2,28,3,Wednesday,26,179,2017-06,2017-Q2,0
2017-06-29,2017,6,June,2,29,4,Thursday,26,180,2017-06,2017-Q2,0
2017-06-30,2017,6,June,2,30,5,Friday,26,181,2017-06,2017-Q2,0
2017-07-01,2017,7,July,3,1,6,Saturday,26,182,2017-07,2017-Q3,1
2017-07-02,2017,7,July,3,2,7,Sunday,26,183,2017-07,2017-Q3,1
2017-07-03,2017,7,July,3,3,1,Monday,27,184,2017-07,2017-Q3,0
2017-07-04,2017,7,July,3,4,2,Tuesday,27,185,2017-07,2017-Q3,0
2017-07-05,2017,7,July,3,5,3,Wednesday,27,186,2017-07,2017-Q3,0
2017-07-06,2017,7,July,3,6,4,Thursday,27,187,2017-07,2017-Q3,0
2017-07-07,2017,7,July,3,7,5,Friday,27,188,2017-07,2017-Q3,0
2017-07-08,2017,7,July,3,8,6,Saturday,27,189,2017-07,2017-Q3,1
2017-07-09,2017,7,July,3,9,7,Sunday,27,190,2017-07,2017-Q3,1
2017-07-10,2017,7,July,3,10,1,Monday,28,191,2017-07,2017-Q3,0
2017-07-11,2017,7,July,3,11,2,Tuesday,28,192,2017-07,2017-Q3,0
2017-07-12,2017,7,July,3,12,3,Wednesday,28,193,2017-07,2017-Q3,0
2017-07-13,2017,7,July,3,13,4,Thursday,28,194,2017-07,2017-Q3,0
2017-07-14,2017,7,July,3,14,5,Friday,28,195,2017-07,2017-Q3,0
2017-07-15,2017,7,July,3,15,6,Saturday,28,196,2017-07,2017-Q3,1
2017-07-16,2017,7,July,3,16,7,Sunday,28,197,2017-07,2017-Q3,1
2017-07-17,2017,7,July,3,17,1,Monday,29,198,2017-07,2017-Q3,0
2017-07-18,2017,7,July,3,18,2,Tuesday,29,199,2017-07,2017-Q3,0
2017-07-19,2017,7,July,3,19,3,Wednesday,29,200,2017-07,2017-Q3,0
2017-07-20,2017,7,July,3,20,4,Thursday,29,201,2017-07,2017-Q3,0
2017-07-21,2017,7,July,3,21,5,Friday,29,202,2017-07,2017-Q3,0
2017-07-22,2017,7,July,3,22,6,Saturday,29,203,2017-07,2017-Q3,1
2017-07-23,2017,7,July,3,23,7,Sunday,29,204,2017-07,2017-Q3,1
2017-07-24,2017,7,July,3,24,1,Monday,30,205,2017-07,2017-Q3,0
2017-07-25,2017,7,July,3,25,2,Tuesday,30,206,2017-07,2017-Q3,0
2017-07-26,2017,7,July,3,26,3,Wednesday,30,207,2017-07,2017-Q3,0
2017-07-27,2017,7,July,3,27,4,Thursday,30,208,2017-07,2017-Q3,0
2017-07-28,2017,7,July,3,28,5,Friday,30,209,2017-07,2017-Q3,0
2017-07-29,2017,7,July,3,29,6,Saturday,30,210,2017-07,2017-Q3,1
2017-07-30,2017,7,July,3,30,7,Sunday,30,211,2017-07,2017-Q3,1
2017-07-31,2017,7,July,3,31,1,Monday,31,212,2017-07,2017-Q3,0
2017-08-01,2017,8,August,3,1,2,Tuesday,31,213,2017-08,2017-Q3,0
2017-08-02,2017,8,August,3,2,3,Wednesday,31,214,2017-08,2017-Q3,0
2017-08-03,2017,8,August,3,3,4,Thursday,31,215,2017-08,2017-Q3,0
2017-08-04,2017,8,August,3,4,5,Friday,31,216,2017-08,2017-Q3,0
2017-08-05,2017,8,August,3,5,6,Saturday,31,217,2017-08,2017-Q3,1
2017-08-06,2017,8,August,3,6,7,Sunday,31,218,2017-08,2017-Q3,1
2017-08-07,2017,8,August,3,7,1,Monday,32,219,2017-08,2017-Q3,0
2017-08-08,2017,8,August,3,8,2,Tuesday,32,220,2017-08,2017-Q3,0
2017-08-09,2017,8,August,3,9,3,Wednesday,32,221,2017-08,2017-Q3,0
2017-08-10,2017,8,August,3,10,4,Thursday,32,222,2017-08,2017-Q3,0
2017-08-11,2017,8,August,3,11,5,Friday,32,223,2017-08,2017-Q3,0
2017-08-12,2017,8,August,3,12,6,Saturday,32,224,2017-08,2017-Q3,1
2017-08-13,2017,8,August,3,13,7,Sunday,32,225,2017-08,2017-Q3,1
2017-08-14,2017,8,August,3,14,1,Monday,33,226,2017-08,2017-Q3,0
2017-08-15,2017,8,August,3,15,2,Tuesday,33,227,2017-08,2017-Q3,0
2017-08-16,2017,8,August,3,16,3,Wednesday,33,228,2017-08,2017-Q3,0
2017-08-17,2017,8,August,3,17,4,Thursday,33,229,2017-08,2017-Q3,0
2017-08-18,2017,8,August,3,18,5,Friday,33,230,2017-08,2017-Q3,0
2017-08-19,2017,8,August,3,19,6,Saturday,33,231,2017-08,2017-Q3,1
2017-08-20,2017,8,August,3,20,7,Sunday,33,232,2017-08,2017-Q3,1
2017-08-21,2017,8,August,3,21,1,Monday,34,233,2017-08,2017-Q3,0
2017-08-22,2017,8,August,3,22,2,Tuesday,34,234,2017-08,2017-Q3,0
2017-08-23,2017,8,August,3,23,3,Wednesday,34,235,2017-08,2017-Q3,0
2017-08-24,2017,8,August,3,24,4,Thursday,34,236,2017-08,2017-Q3,0
2017-08-25,2017,8,August,3,25,5,Friday,34,237,2017-08,2017-Q3,0
2017-08-26,2017,8,August,3,26,6,Saturday,34,238,2017-08,2017-Q3,1
2017-08-27,2017,8,August,3,27,7,Sunday,34,239,2017-08,2017-Q3,1
2017-08-28,2017,8,August,3,28,1,Monday,35,240,2017-08,2017-Q3,0
2017-08-29,2017,8,August,3,29,2,Tuesday,35,241,2017-08,2017-Q3,0
2017-08-30,2017,8,August,3,30,3,Wednesday,35,242,2017-08,2017-Q3,0
2017-08-31,2017,8,August,3,31,4,Thursday,35,243,2017-08,2017-Q3,0
2017-09-01,2017,9,September,3,1,5,Friday,35,244,2017-09,2017-Q3,0
2017-09-02,2017,9,September,3,2,6,Saturday,35,245,2017-09,2017-Q3,1
2017-09-03,2017,9,September,3,3,7,Sunday,35,246,2017-09,2017-Q3,1
2017-09-04,2017,9,September,3,4,1,Monday,36,247,2017-09,2017-Q3,0
2017-09-05,2017,9,September,3,5,2,Tuesday,36,248,2017-09,2017-Q3,0
2017-09-06,2017,9,September,3,6,3,Wednesday,36,249,2017-09,2017-Q3,0
2017-09-07,2017,9,September,3,7,4,Thursday,36,250,2017-09,2017-Q3,0
2017-09-08,2017,9,September,3,8,5,Friday,36,251,2017-09,2017-Q3,0
2017-09-09,2017,9,September,3,9,6,Saturday,36,252,2017-09,2017-Q3,1
2017-09-10,2017,9,September,3,10,7,Sunday,36,253,2017-09,2017-Q3,1
2017-09-11,2017,9,September,3,11,1,Monday,37,254,2017-09,2017-Q3,0
2017-09-12,2017,9,September,3,12,2,Tuesday,37,255,2017-09,2017-Q3,0
2017-09-13,2017,9,September,3,13,3,Wednesday,37,256,2017-09,2017-Q3,0
2017-09-14,2017,9,September,3,14,4,Thursday,37,257,2017-09,2017-Q3,0
2017-09-15,2017,9,September,3,15,5,Friday,37,258,2017-09,2017-Q3,0
2017-09-16,2017,9,September,3,16,6,Saturday,37,259,2017-09,2017-Q3,1
2017-09-17,2017,9,September,3,17,7,Sunday,37,260,2017-09,2017-Q3,1
2017-09-18,2017,9,September,3,18,1,Monday,38,261,2017-09,2017-Q3,0
2017-09-19,2017,9,September,3,19,2,Tuesday,38,262,2017-09,2017-Q3,0
2017-09-20,2017,9,September,3,20,3,Wednesday,38,263,2017-09,2017-Q3,0
2017-09-21,2017,9,September,3,21,4,Thursday,38,264,2017-09,2017-Q3,0
2017-09-22,2017,9,September,3,22,5,Friday,38,265,2017-09,2017-Q3,0
2017-09-23,2017,9,September,3,23,6,Saturday,38,266,2017-09,2017-Q3,1
2017-09-24,2017,9,September,3,24,7,Sunday,38,267,2017-09,2017-Q3,1
2017-09-25,2017,9,September,3,25,1,Monday,39,268,2017-09,2017-Q3,0
2017-09-26,2017,9,September,3,26,2,Tuesday,39,269,2017-09,2017-Q3,0
2017-09-27,2017,9,September,3,27,3,Wednesday,39,270,2017-09,2017-Q3,0
2017-09-28,2017,9,September,3,28,4,Thursday,39,271,2017-09,2017-Q3,0
2017-09-29,2017,9,September,3,29,5,Friday,39,272,2017-09,2017-Q3,0
2017-09-30,2017,9,September,3,30,6,Saturday,39,273,2017-09,2017-Q3,1
2017-10-01,2017,10,October,4,1,7,Sunday,39,274,2017-10,2017-Q4,1
2017-10-02,2017,10,October,4,2,1,Monday,40,275,2017-10,2017-Q4,0
2017-10-03,2017,10,October,4,3,2,Tuesday,40,276,2017-10,2017-Q4,0
2017-10-04,2017,10,October,4,4,3,Wednesday,40,277,2017-10,2017-Q4,0
2017-10-05,2017,10,October,4,5,4,Thursday,40,278,2017-10,2017-Q4,0
2017-10-06,2017,10,October,4,6,5,Friday,40,279,2017-10,2017-Q4,0
2017-10-07,2017,10,October,4,7,6,Saturday,40,280,2017-10,2017-Q4,1
2017-10-08,2017,10,October,4,8,7,Sunday,40,281,2017-10,2017-Q4,1
2017-10-09,2017,10,October,4,9,1,Monday,41,282,2017-10,2017-Q4,0
2017-10-10,2017,10,October,4,10,2,Tuesday,41,283,2017-10,2017-Q4,0
2017-10-11,2017,10,October,4,11,3,Wednesday,41,284,2017-10,2017-Q4,0
2017-10-12,2017,10,October,4,12,4,Thursday,41,285,2017-10,2017-Q4,0
2017-10-13,2017,10,October,4,13,5,Friday,41,286,2017-10,2017-Q4,0
2017-10-14,2017,10,October,4,14,6,Saturday,41,287,2017-10,2017-Q4,1
2017-10-15,2017,10,October,4,15,7,Sunday,41,288,2017-10,2017-Q4,1
2017-10-16,2017,10,October,4,16,1,Monday,42,289,2017-10,2017-Q4,0
2017-10-17,2017,10,October,4,17,2,Tuesday,42,290,2017-10,2017-Q4,0
2017-10-18,2017,10,October,4,18,3,Wednesday,42,291,2017-10,2017-Q4,0
2017-10-19,2017,10,October,4,19,4,Thursday,42,292,2017-10,2017-Q4,0
2017-10-20,2017,10,October,4,20,5,Friday,42,293,2017-10,2017-Q4,0
2017-10-21,2017,10,October,4,21,6,Saturday,42,294,2017-10,2017-Q4,1
2017-10-22,2017,10,October,4,22,7,Sunday,42,295,2017-10,2017-Q4,1
2017-10-23,2017,10,October,4,23,1,Monday,43,296,2017-10,2017-Q4,0
2017-10-24,2017,10,October,4,24,2,Tuesday,43,297,2017-10,2017-Q4,0
2017-10-25,2017,10,October,4,25,3,Wednesday,43,298,2017-10,2017-Q4,0
2017-10-26,2017,10,October,4,26,4,Thursday,43,299,2017-10,2017-Q4,0
2017-10-27,2017,10,October,4,27,5,Friday,43,300,2017-10,2017-Q4,0
2017-10-28,2017,10,October,4,28,6,Saturday,43,301,2017-10,2017-Q4,1
2017-10-29,2017,10,October,4,29,7,Sunday,43,302,2017-10,2017-Q4,1
2017-10-30,2017,10,October,4,30,1,Monday,44,303,2017-10,2017-Q4,0
2017-10-31,2017,10,October,4,31,2,Tuesday,44,304,2017-10,2017-Q4,0
2017-11-01,2017,11,November,4,1,3,Wednesday,44,305,2017-11,2017-Q4,0
2017-11-02,2017,11,November,4,2,4,Thursday,44,306,2017-11,2017-Q4,0
2017-11-03,2017,11,November,4,3,5,Friday,44,307,2017-11,2017-Q4,0
2017-11-04,2017,11,November,4,4,6,Saturday,44,308,2017-11,2017-Q4,1
2017-11-05,2017,11,November,4,5,7,Sunday,44,309,2017-11,2017-Q4,1
2017-11-06,2017,11,November,4,6,1,Monday,45,310,2017-11,2017-Q4,0
2017-11-07,2017,11,November,4,7,2,Tuesday,45,311,2017-11,2017-Q4,0
2017-11-08,2017,11,November,4,8,3,Wednesday,45,312,2017-11,2017-Q4,0
2017-11-09,2017,11,November,4,9,4,Thursday,45,313,2017-11,2017-Q4,0
2017-11-10,2017,11,November,4,10,5,Friday,45,314,2017-11,2017-Q4,0
2017-11-11,2017,11,November,4,11,6,Saturday,45,315,2017-11,2017-Q4,1
2017-11-12,2017,11,November,4,12,7,Sunday,45,316,2017-11,2017-Q4,1
2017-11-13,2017,11,November,4,13,1,Monday,46,317,2017-11,2017-Q4,0
2017-11-14,2017,11,November,4,14,2,Tuesday,46,318,2017-11,2017-Q4,0
2017-11-15,2017,11,November,4,15,3,Wednesday,46,319,2017-11,2017-Q4,0
2017-11-16,2017,11,November,4,16,4,Thursday,46,320,2017-11,2017-Q4,0
2017-11-17,2017,11,November,4,17,5,Friday,46,321,2017-11,2017-Q4,0
2017-11-18,2017,11,November,4,18,6,Saturday,46,322,2017-11,2017-Q4,1
2017-11-19,2017,11,November,4,19,7,Sunday,46,323,2017-11,2017-Q4,1
2017-11-20,2017,11,November,4,20,1,Monday,47,324,2017-11,2017-Q4,0
2017-11-21,2017,11,November,4,21,2,Tuesday,47,325,2017-11,2017-Q4,0
2017-11-22,2017,11,November,4,22,3,Wednesday,47,326,2017-11,2017-Q4,0
2017-11-23,2017,11,November,4,23,4,Thursday,47,327,2017-11,2017-Q4,0
2017-11-24,2017,11,November,4,24,5,Friday,47,328,2017-11,2017-Q4,0
2017-11-25,2017,11,November,4,25,6,Saturday,47,329,2017-11,2017-Q4,1
2017-11-26,2017,11,November,4,26,7,Sunday,47,330,2017-11,2017-Q4,1
2017-11-27,2017,11,November,4,27,1,Monday,48,331,2017-11,2017-Q4,0
2017-11-28,2017,11,November,4,28,2,Tuesday,48,332,2017-11,2017-Q4,0
2017-11-29,2017,11,November,4,29,3,Wednesday,48,333,2017-11,2017-Q4,0
2017-11-30,2017,11,November,4,30,4,Thursday,48,334,2017-11,2017-Q4,0
2017-12-01,2017,12,December,4,1,5,Friday,48,335,2017-12,2017-Q4,0
2017-12-02,2017,12,December,4,2,6,Saturday,48,336,2017-12,2017-Q4,1
2017-12-03,2017,12,December,4,3,7,Sunday,48,337,2017-12,2017-Q4,1
2017-12-04,2017,12,December,4,4,1,Monday,49,338,2017-12,2017-Q4,0
2017-12-05,2017,12,December,4,5,2,Tuesday,49,339,2017-12,2017-Q4,0
2017-12-06,2017,12,December,4,6,3,Wednesday,49,340,2017-12,2017-Q4,0
2017-12-07,2017,12,December,4,7,4,Thursday,49,341,2017-12,2017-Q4,0
2017-12-08,2017,12,December,4,8,5,Friday,49,342,2017-12,2017-Q4,0
2017-12-09,2017,12,December,4,9,6,Saturday,49,343,2017-12,2017-Q4,1
2017-12-10,2017,12,December,4,10,7,Sunday,49,344,2017-12,2017-Q4,1
2017-12-11,2017,12,December,4,11,1,Monday,50,345,2017-12,2017-Q4,0
2017-12-12,2017,12,December,4,12,2,Tuesday,50,346,2017-12,2017-Q4,0
2017-12-13,2017,12,December,4,13,3,Wednesday,50,347,2017-12,2017-Q4,0
2017-12-14,2017,12,December,4,14,4,Thursday,50,348,2017-12,2017-Q4,0
2017-12-15,2017,12,December,4,15,5,Friday,50,349,2017-12,2017-Q4,0
2017-12-16,2017,12,December,4,16,6,Saturday,50,350,2017-12,2017-Q4,1
2017-12-17,2017,12,December,4,17,7,Sunday,50,351,2017-12,2017-Q4,1
2017-12-18,2017,12,December,4,18,1,Monday,51,352,2017-12,2017-Q4,0
2017-12-19,2017,12,December,4,19,2,Tuesday,51,353,2017-12,2017-Q4,0
2017-12-20,2017,12,December,4,20,3,Wednesday,51,354,2017-12,2017-Q4,0
2017-12-21,2017,12,December,4,21,4,Thursday,51,355,2017-12,2017-Q4,0
2017-12-22,2017,12,December,4,22,5,Friday,51,356,2017-12,2017-Q4,0
2017-12-23,2017,12,December,4,23,6,Saturday,51,357,2017-12,2017-Q4,1
2017-12-24,2017,12,December,4,24,7,Sunday,51,358,2017-12,2017-Q4,1
2017-12-25,2017,12,December,4,25,1,Monday,52,359,2017-12,2017-Q4,0
2017-12-26,2017,12,December,4,26,2,Tuesday,52,360,2017-12,2017-Q4,0
2017-12-27,2017,12,December,4,27,3,Wednesday,52,361,2017-12,2017-Q4,0
2017-12-28,2017,12,December,4,28,4,Thursday,52,362,2017-12,2017-Q4,0
2017-12-29,2017,12,December,4,29,5,Friday,52,363,2017-12,2017-Q4,0
2017-12-30,2017,12,December,4,30,6,Saturday,52,364,2017-12,2017-Q4,1
2017-12-31,2017,12,December,4,31,7,Sunday,52,365,2017-12,2017-Q4,1
2018-01-01,2018,1,January,1,1,1,Monday,1,1,2018-01,2018-Q1,0
2018-01-02,2018,1,January,1,2,2,Tuesday,1,2,2018-01,2018-Q1,0
2018-01-03,2018,1,January,1,3,3,Wednesday,1,3,2018-01,2018-Q1,0
2018-01-04,2018,1,January,1,4,4,Thursday,1,4,2018-01,2018-Q1,0
2018-01-05,2018,1,January,1,5,5,Friday,1,5,2018-01,2018-Q1,0
2018-01-06,2018,1,January,1,6,6,Saturday,1,6,2018-01,2018-Q1,1
2018-01-07,2018,1,January,1,7,7,Sunday,1,7,2018-01,2018-Q1,1
2018-01-08,2018,1,January,1,8,1,Monday,2,8,2018-01,2018-Q1,0
2018-01-09,2018,1,January,1,9,2,Tuesday,2,9,2018-01,2018-Q1,0
2018-01-10,2018,1,January,1,10,3,Wednesday,2,10,2018-01,2018-Q1,0
2018-01-11,2018,1,January,1,11,4,Thursday,2,11,2018-01,2018-Q1,0
2018-01-12,2018,1,January,1,12,5,Friday,2,12,2018-01,2018-Q1,0
2018-01-13,2018,1,January,1,13,6,Saturday,2,13,2018-01,2018-Q1,1
2018-01-14,2018,1,January,1,14,7,Sunday,2,14,2018-01,2018-Q1,1
2018-01-15,2018,1,January,1,15,1,Monday,3,15,2018-01,2018-Q1,0
2018-01-16,2018,1,January,1,16,2,Tuesday,3,16,2018-01,2018-Q1,0
2018-01-17,2018,1,January,1,17,3,Wednesday,3,17,2018-01,2018-Q1,0
2018-01-18,2018,1,January,1,18,4,Thursday,3,18,2018-01,2018-Q1,0
2018-01-19,2018,1,January,1,19,5,Friday,3,19,2018-01,2018-Q1,0
2018-01-20,2018,1,January,1,20,6,Saturday,3,20,2018-01,2018-Q1,1
2018-01-21,2018,1,January,1,21,7,Sunday,3,21,2018-01,2018-Q1,1
2018-01-22,2018,1,January,1,22,1,Monday,4,22,2018-01,2018-Q1,0
2018-01-23,2018,1,January,1,23,2,Tuesday,4,23,2018-01,2018-Q1,0
2018-01-24,2018,1,January,1,24,3,Wednesday,4,24,2018-01,2018-Q1,0
2018-01-25,2018,1,January,1,25,4,Thursday,4,25,2018-01,2018-Q1,0
2018-01-26,2018,1,January,1,26,5,Friday,4,26,2018-01,2018-Q1,0
2018-01-27,2018,1,January,1,27,6,Saturday,4,27,2018-01,2018-Q1,1
2018-01-28,2018,1,January,1,28,7,Sunday,4,28,2018-01,2018-Q1,1
2018-01-29,2018,1,January,1,29,1,Monday,5,29,2018-01,2018-Q1,0
2018-01-30,2018,1,January,1,30,2,Tuesday,5,30,2018-01,2018-Q1,0
2018-01-31,2018,1,January,1,31,3,Wednesday,5,31,2018-01,2018-Q1,0
2018-02-01,2018,2,February,1,1,4,Thursday,5,32,2018-02,2018-Q1,0
2018-02-02,2018,2,February,1,2,5,Friday,5,33,2018-02,2018-Q1,0
2018-02-03,2018,2,February,1,3,6,Saturday,5,34,2018-02,2018-Q1,1
2018-02-04,2018,2,February,1,4,7,Sunday,5,35,2018-02,2018-Q1,1
2018-02-05,2018,2,February,1,5,1,Monday,6,36,2018-02,2018-Q1,0
2018-02-06,2018,2,February,1,6,2,Tuesday,6,37,2018-02,2018-Q1,0
2018-02-07,2018,2,February,1,7,3,Wednesday,6,38,2018-02,2018-Q1,0
2018-02-08,2018,2,February,1,8,4,Thursday,6,39,2018-02,2018-Q1,0
2018-02-09,2018,2,February,1,9,5,Friday,6,40,2018-02,2018-Q1,0
2018-02-10,2018,2,February,1,10,6,Saturday,6,41,2018-02,2018-Q1,1
2018-02-11,2018,2,February,1,11,7,Sunday,6,42,2018-02,2018-Q1,1
2018-02-12,2018,2,February,1,12,1,Monday,7,43,2018-02,2018-Q1,0
2018-02-13,2018,2,February,1,13,2,Tuesday,7,44,2018-02,2018-Q1,0
2018-02-14,2018,2,February,1,14,3,Wednesday,7,45,2018-02,2018-Q1,0
2018-02-15,2018,2,February,1,15,4,Thursday,7,46,2018-02,2018-Q1,0
2018-02-16,2018,2,February,1,16,5,Friday,7,47,2018-02,2018-Q1,0
2018-02-17,2018,2,February,1,17,6,Saturday,7,48,2018-02,2018-Q1,1
2018-02-18,2018,2,February,1,18,7,Sunday,7,49,2018-02,2018-Q1,1
2018-02-19,2018,2,February,1,19,1,Monday,8,50,2018-02,2018-Q1,0
2018-02-20,2018,2,February,1,20,2,Tuesday,8,51,2018-02,2018-Q1,0
2018-02-21,2018,2,February,1,21,3,Wednesday,8,52,2018-02,2018-Q1,0
2018-02-22,2018,2,February,1,22,4,Thursday,8,53,2018-02,2018-Q1,0
2018-02-23,2018,2,February,1,23,5,Friday,8,54,2018-02,2018-Q1,0
2018-02-24,2018,2,February,1,24,6,Saturday,8,55,2018-02,2018-Q1,1
2018-02-25,2018,2,February,1,25,7,Sunday,8,56,2018-02,2018-Q1,1
2018-02-26,2018,2,February,1,26,1,Monday,9,57,2018-02,2018-Q1,0
2018-02-27,2018,2,February,1,27,2,Tuesday,9,58,2018-02,2018-Q1,0
2018-02-28,2018,2,February,1,28,3,Wednesday,9,59,2018-02,2018-Q1,0
2018-03-01,2018,3,March,1,1,4,Thursday,9,60,2018-03,2018-Q1,0
2018-03-02,2018,3,March,1,2,5,Friday,9,61,2018-03,2018-Q1,0
2018-03-03,2018,3,March,1,3,6,Saturday,9,62,2018-03,2018-Q1,1
2018-03-04,2018,3,March,1,4,7,Sunday,9,63,2018-03,2018-Q1,1
2018-03-05,2018,3,March,1,5,1,Monday,10,64,2018-03,2018-Q1,0
2018-03-06,2018,3,March,1,6,2,Tuesday,10,65,2018-03,2018-Q1,0
2018-03-07,2018,3,March,1,7,3,Wednesday,10,66,2018-03,2018-Q1,0
2018-03-08,2018,3,March,1,8,4,Thursday,10,67,2018-03,2018-Q1,0
2018-03-09,2018,3,March,1,9,5,Friday,10,68,2018-03,2018-Q1,0
2018-03-10,2018,3,March,1,10,6,Saturday,10,69,2018-03,2018-Q1,1
2018-03-11,2018,3,March,1,11,7,Sunday,10,70,2018-03,2018-Q1,1
2018-03-12,2018,3,March,1,12,1,Monday,11,71,2018-03,2018-Q1,0
2018-03-13,2018,3,March,1,13,2,Tuesday,11,72,2018-03,2018-Q1,0
2018-03-14,2018,3,March,1,14,3,Wednesday,11,73,2018-03,2018-Q1,0
2018-03-15,2018,3,March,1,15,4,Thursday,11,74,2018-03,2018-Q1,0
2018-03-16,2018,3,March,1,16,5,Friday,11,75,2018-03,2018-Q1,0
2018-03-17,2018,3,March,1,17,6,Saturday,11,76,2018-03,2018-Q1,1
2018-03-18,2018,3,March,1,18,7,Sunday,11,77,2018-03,2018-Q1,1
2018-03-19,2018,3,March,1,19,1,Monday,12,78,2018-03,2018-Q1,0
2018-03-20,2018,3,March,1,20,2,Tuesday,12,79,2018-03,2018-Q1,0
2018-03-21,2018,3,March,1,21,3,Wednesday,12,80,2018-03,2018-Q1,0
2018-03-22,2018,3,March,1,22,4,Thursday,12,81,2018-03,2018-Q1,0
2018-03-23,2018,3,March,1,23,5,Friday,12,82,2018-03,2018-Q1,0
2018-03-24,2018,3,March,1,24,6,Saturday,12,83,2018-03,2018-Q1,1
2018-03-25,2018,3,March,1,25,7,Sunday,12,84,2018-03,2018-Q1,1
2018-03-26,2018,3,March,1,26,1,Monday,13,85,2018-03,2018-Q1,0
2018-03-27,2018,3,March,1,27,2,Tuesday,13,86,2018-03,2018-Q1,0
2018-03-28,2018,3,March,1,28,3,Wednesday,13,87,2018-03,2018-Q1,0
2018-03-29,2018,3,March,1,29,4,Thursday,13,88,2018-03,2018-Q1,0
2018-03-30,2018,3,March,1,30,5,Friday,13,89,2018-03,2018-Q1,0
2018-03-31,2018,3,March,1,31,6,Saturday,13,90,2018-03,2018-Q1,1
2018-04-01,2018,4,April,2,1,7,Sunday,13,91,2018-04,2018-Q2,1
2018-04-02,2018,4,April,2,2,1,Monday,14,92,2018-04,2018-Q2,0
2018-04-03,2018,4,April,2,3,2,Tuesday,14,93,2018-04,2018-Q2,0
2018-04-04,2018,4,April,2,4,3,Wednesday,14,94,2018-04,2018-Q2,0
2018-04-05,2018,4,April,2,5,4,Thursday,14,95,2018-04,2018-Q2,0
2018-04-06,2018,4,April,2,6,5,Friday,14,96,2018-04,2018-Q2,0
2018-04-07,2018,4,April,2,7,6,Saturday,14,97,2018-04,2018-Q2,1
2018-04-08,2018,4,April,2,8,7,Sunday,14,98,2018-04,2018-Q2,1
2018-04-09,2018,4,April,2,9,1,Monday,15,99,2018-04,2018-Q2,0
2018-04-10,2018,4,April,2,10,2,Tuesday,15,100,2018-04,2018-Q2,0
2018-04-11,2018,4,April,2,11,3,Wednesday,15,101,2018-04,2018-Q2,0
2018-04-12,2018,4,April,2,12,4,Thursday,15,102,2018-04,2018-Q2,0
2018-04-13,2018,4,April,2,13,5,Friday,15,103,2018-04,2018-Q2,0
2018-04-14,2018,4,April,2,14,6,Saturday,15,104,2018-04,2018-Q2,1
2018-04-15,2018,4,April,2,15,7,Sunday,15,105,2018-04,2018-Q2,1
2018-04-16,2018,4,April,2,16,1,Monday,16,106,2018-04,2018-Q2,0
2018-04-17,2018,4,April,2,17,2,Tuesday,16,107,2018-04,2018-Q2,0
2018-04-18,2018,4,April,2,18,3,Wednesday,16,108,2018-04,2018-Q2,0
2018-04-19,2018,4,April,2,19,4,Thursday,16,109,2018-04,2018-Q2,0
2018-04-20,2018,4,April,2,20,5,Friday,16,110,2018-04,2018-Q2,0
2018-04-21,2018,4,April,2,21,6,Saturday,16,111,2018-04,2018-Q2,1
2018-04-22,2018,4,April,2,22,7,Sunday,16,112,2018-04,2018-Q2,1
2018-04-23,2018,4,April,2,23,1,Monday,17,113,2018-04,2018-Q2,0
2018-04-24,2018,4,April,2,24,2,Tuesday,17,114,2018-04,2018-Q2,0
2018-04-25,2018,4,April,2,25,3,Wednesday,17,115,2018-04,2018-Q2,0
2018-04-26,2018,4,April,2,26,4,Thursday,17,116,2018-04,2018-Q2,0
2018-04-27,2018,4,April,2,27,5,Friday,17,117,2018-04,2018-Q2,0
2018-04-28,2018,4,April,2,28,6,Saturday,17,118,2018-04,2018-Q2,1
2018-04-29,2018,4,April,2,29,7,Sunday,17,119,2018-04,2018-Q2,1
2018-04-30,2018,4,April,2,30,1,Monday,18,120,2018-04,2018-Q2,0
2018-05-01,2018,5,May,2,1,2,Tuesday,18,121,2018-05,2018-Q2,0
2018-05-02,2018,5,May,2,2,3,Wednesday,18,122,2018-05,2018-Q2,0
2018-05-03,2018,5,May,2,3,4,Thursday,18,123,2018-05,2018-Q2,0
2018-05-04,2018,5,May,2,4,5,Friday,18,124,2018-05,2018-Q2,0
2018-05-05,2018,5,May,2,5,6,Saturday,18,125,2018-05,2018-Q2,1
2018-05-06,2018,5,May,2,6,7,Sunday,18,126,2018-05,2018-Q2,1
2018-05-07,2018,5,May,2,7,1,Monday,19,127,2018-05,2018-Q2,0
2018-05-08,2018,5,May,2,8,2,Tuesday,19,128,2018-05,2018-Q2,0
2018-05-09,2018,5,May,2,9,3,Wednesday,19,129,2018-05,2018-Q2,0
2018-05-10,2018,5,May,2,10,4,Thursday,19,130,2018-05,2018-Q2,0
2018-05-11,2018,5,May,2,11,5,Friday,19,131,2018-05,2018-Q2,0
2018-05-12,2018,5,May,2,12,6,Saturday,19,132,2018-05,2018-Q2,1
2018-05-13,2018,5,May,2,13,7,Sunday,19,133,2018-05,2018-Q2,1
2018-05-14,2018,5,May,2,14,1,Monday,20,134,2018-05,2018-Q2,0
2018-05-15,2018,5,May,2,15,2,Tuesday,20,135,2018-05,2018-Q2,0
2018-05-16,2018,5,May,2,16,3,Wednesday,20,136,2018-05,2018-Q2,0
2018-05-17,2018,5,May,2,17,4,Thursday,20,137,2018-05,2018-Q2,0
2018-05-18,2018,5,May,2,18,5,Friday,20,138,2018-05,2018-Q2,0
2018-05-19,2018,5,May,2,19,6,Saturday,20,139,2018-05,2018-Q2,1
2018-05-20,2018,5,May,2,20,7,Sunday,20,140,2018-05,2018-Q2,1
2018-05-21,2018,5,May,2,21,1,Monday,21,141,2018-05,2018-Q2,0
2018-05-22,2018,5,May,2,22,2,Tuesday,21,142,2018-05,2018-Q2,0
2018-05-23,2018,5,May,2,23,3,Wednesday,21,143,2018-05,2018-Q2,0
2018-05-24,2018,5,May,2,24,4,Thursday,21,144,2018-05,2018-Q2,0
2018-05-25,2018,5,May,2,25,5,Friday,21,145,2018-05,2018-Q2,0
2018-05-26,2018,5,May,2,26,6,Saturday,21,146,2018-05,2018-Q2,1
2018-05-27,2018,5,May,2,27,7,Sunday,21,147,2018-05,2018-Q2,1
2018-05-28,2018,5,May,2,28,1,Monday,22,148,2018-05,2018-Q2,0
2018-05-29,2018,5,May,2,29,2,Tuesday,22,149,2018-05,2018-Q2,0
2018-05-30,2018,5,May,2,30,3,Wednesday,22,150,2018-05,2018-Q2,0
2018-05-31,2018,5,May,2,31,4,Thursday,22,151,2018-05,2018-Q2,0
2018-06-01,2018,6,June,2,1,5,Friday,22,152,2018-06,2018-Q2,0
2018-06-02,2018,6,June,2,2,6,Saturday,22,153,2018-06,2018-Q2,1
2018-06-03,2018,6,June,2,3,7,Sunday,22,154,2018-06,2018-Q2,1
2018-06-04,2018,6,June,2,4,1,Monday,23,155,2018-06,2018-Q2,0
2018-06-05,2018,6,June,2,5,2,Tuesday,23,156,2018-06,2018-Q2,0
2018-06-06,2018,6,June,2,6,3,Wednesday,23,157,2018-06,2018-Q2,0
2018-06-07,2018,6,June,2,7,4,Thursday,23,158,2018-06,2018-Q2,0
2018-06-08,2018,6,June,2,8,5,Friday,23,159,2018-06,2018-Q2,0
2018-06-09,2018,6,June,2,9,6,Saturday,23,160,2018-06,2018-Q2,1
2018-06-10,2018,6,June,2,10,7,Sunday,23,161,2018-06,2018-Q2,1
2018-06-11,2018,6,June,2,11,1,Monday,24,162,2018-06,2018-Q2,0
2018-06-12,2018,6,June,2,12,2,Tuesday,24,163,2018-06,2018-Q2,0
2018-06-13,2018,6,June,2,13,3,Wednesday,24,164,2018-06,2018-Q2,0
2018-06-14,2018,6,June,2,14,4,Thursday,24,165,2018-06,2018-Q2,0
2018-06-15,2018,6,June,2,15,5,Friday,24,166,2018-06,2018-Q2,0
2018-06-16,2018,6,June,2,16,6,Saturday,24,167,2018-06,2018-Q2,1
2018-06-17,2018,6,June,2,17,7,Sunday,24,168,2018-06,2018-Q2,1
2018-06-18,2018,6,June,2,18,1,Monday,25,169,2018-06,2018-Q2,0
2018-06-19,2018,6,June,2,19,2,Tuesday,25,170,2018-06,2018-Q2,0
2018-06-20,2018,6,June,2,20,3,Wednesday,25,171,2018-06,2018-Q2,0
2018-06-21,2018,6,June,2,21,4,Thursday,25,172,2018-06,2018-Q2,0
2018-06-22,2018,6,June,2,22,5,Friday,25,173,2018-06,2018-Q2,0
2018-06-23,2018,6,June,2,23,6,Saturday,25,174,2018-06,2018-Q2,1
2018-06-24,2018,6,June,2,24,7,Sunday,25,175,2018-06,2018-Q2,1
2018-06-25,2018,6,June,2,25,1,Monday,26,176,2018-06,2018-Q2,0
2018-06-26,2018,6,June,2,26,2,Tuesday,26,177,2018-06,2018-Q2,0
2018-06-27,2018,6,June,2,27,3,Wednesday,26,178,2018-06,2018-Q2,0
2018-06-28,2018,6,June,2,28,4,Thursday,26,179,2018-06,2018-Q2,0
2018-06-29,2018,6,June,2,29,5,Friday,26,180,2018-06,2018-Q2,0
2018-06-30,2018,6,June,2,30,6,Saturday,26,181,2018-06,2018-Q2,1
2018-07-01,2018,7,July,3,1,7,Sunday,26,182,2018-07,2018-Q3,1
2018-07-02,2018,7,July,3,2,1,Monday,27,183,2018-07,2018-Q3,0
2018-07-03,2018,7,July,3,3,2,Tuesday,27,184,2018-07,2018-Q3,0
2018-07-04,2018,7,July,3,4,3,Wednesday,27,185,2018-07,2018-Q3,0
2018-07-05,2018,7,July,3,5,4,Thursday,27,186,2018-07,2018-Q3,0
2018-07-06,2018,7,July,3,6,5,Friday,27,187,2018-07,2018-Q3,0
2018-07-07,2018,7,July,3,7,6,Saturday,27,188,2018-07,2018-Q3,1
2018-07-08,2018,7,July,3,8,7,Sunday,27,189,2018-07,2018-Q3,1
2018-07-09,2018,7,July,3,9,1,Monday,28,190,2018-07,2018-Q3,0
2018-07-10,2018,7,July,3,10,2,Tuesday,28,191,2018-07,2018-Q3,0
2018-07-11,2018,7,July,3,11,3,Wednesday,28,192,2018-07,2018-Q3,0
2018-07-12,2018,7,July,3,12,4,Thursday,28,193,2018-07,2018-Q3,0
2018-07-13,2018,7,July,3,13,5,Friday,28,194,2018-07,2018-Q3,0
2018-07-14,2018,7,July,3,14,6,Saturday,28,195,2018-07,2018-Q3,1
2018-07-15,2018,7,July,3,15,7,Sunday,28,196,2018-07,2018-Q3,1
2018-07-16,2018,7,July,3,16,1,Monday,29,197,2018-07,2018-Q3,0
2018-07-17,2018,7,July,3,17,2,Tuesday,29,198,2018-07,2018-Q3,0
2018-07-18,2018,7,July,3,18,3,Wednesday,29,199,2018-07,2018-Q3,0
2018-07-19,2018,7,July,3,19,4,Thursday,29,200,2018-07,2018-Q3,0
2018-07-20,2018,7,July,3,20,5,Friday,29,201,2018-07,2018-Q3,0
2018-07-21,2018,7,July,3,21,6,Saturday,29,202,2018-07,2018-Q3,1
2018-07-22,2018,7,July,3,22,7,Sunday,29,203,2018-07,2018-Q3,1
2018-07-23,2018,7,July,3,23,1,Monday,30,204,2018-07,2018-Q3,0
2018-07-24,2018,7,July,3,24,2,Tuesday,30,205,2018-07,2018-Q3,0
2018-07-25,2018,7,July,3,25,3,Wednesday,30,206,2018-07,2018-Q3,0
2018-07-26,2018,7,July,3,26,4,Thursday,30,207,2018-07,2018-Q3,0
2018-07-27,2018,7,July,3,27,5,Friday,30,208,2018-07,2018-Q3,0
2018-07-28,2018,7,July,3,28,6,Saturday,30,209,2018-07,2018-Q3,1
2018-07-29,2018,7,July,3,29,7,Sunday,30,210,2018-07,2018-Q3,1
2018-07-30,2018,7,July,3,30,1,Monday,31,211,2018-07,2018-Q3,0
2018-07-31,2018,7,July,3,31,2,Tuesday,31,212,2018-07,2018-Q3,0
2018-08-01,2018,8,August,3,1,3,Wednesday,31,213,2018-08,2018-Q3,0
2018-08-02,2018,8,August,3,2,4,Thursday,31,214,2018-08,2018-Q3,0
2018-08-03,2018,8,August,3,3,5,Friday,31,215,2018-08,2018-Q3,0
2018-08-04,2018,8,August,3,4,6,Saturday,31,216,2018-08,2018-Q3,1
2018-08-05,2018,8,August,3,5,7,Sunday,31,217,2018-08,2018-Q3,1
2018-08-06,2018,8,August,3,6,1,Monday,32,218,2018-08,2018-Q3,0
2018-08-07,2018,8,August,3,7,2,Tuesday,32,219,2018-08,2018-Q3,0
2018-08-08,2018,8,August,3,8,3,Wednesday,32,220,2018-08,2018-Q3,0
2018-08-09,2018,8,August,3,9,4,Thursday,32,221,2018-08,2018-Q3,0
2018-08-10,2018,8,August,3,10,5,Friday,32,222,2018-08,2018-Q3,0
2018-08-11,2018,8,August,3,11,6,Saturday,32,223,2018-08,2018-Q3,1
2018-08-12,2018,8,August,3,12,7,Sunday,32,224,2018-08,2018-Q3,1
2018-08-13,2018,8,August,3,13,1,Monday,33,225,2018-08,2018-Q3,0
2018-08-14,2018,8,August,3,14,2,Tuesday,33,226,2018-08,2018-Q3,0
2018-08-15,2018,8,August,3,15,3,Wednesday,33,227,2018-08,2018-Q3,0
2018-08-16,2018,8,August,3,16,4,Thursday,33,228,2018-08,2018-Q3,0
2018-08-17,2018,8,August,3,17,5,Friday,33,229,2018-08,2018-Q3,0
2018-08-18,2018,8,August,3,18,6,Saturday,33,230,2018-08,2018-Q3,1
2018-08-19,2018,8,August,3,19,7,Sunday,33,231,2018-08,2018-Q3,1
2018-08-20,2018,8,August,3,20,1,Monday,34,232,2018-08,2018-Q3,0
2018-08-21,2018,8,August,3,21,2,Tuesday,34,233,2018-08,2018-Q3,0
2018-08-22,2018,8,August,3,22,3,Wednesday,34,234,2018-08,2018-Q3,0
2018-08-23,2018,8,August,3,23,4,Thursday,34,235,2018-08,2018-Q3,0
2018-08-24,2018,8,August,3,24,5,Friday,34,236,2018-08,2018-Q3,0
2018-08-25,2018,8,August,3,25,6,Saturday,34,237,2018-08,2018-Q3,1
2018-08-26,2018,8,August,3,26,7,Sunday,34,238,2018-08,2018-Q3,1
2018-08-27,2018,8,August,3,27,1,Monday,35,239,2018-08,2018-Q3,0
2018-08-28,2018,8,August,3,28,2,Tuesday,35,240,2018-08,2018-Q3,0
2018-08-29,2018,8,August,3,29,3,Wednesday,35,241,2018-08,2018-Q3,0
2018-08-30,2018,8,August,3,30,4,Thursday,35,242,2018-08,2018-Q3,0
2018-08-31,2018,8,August,3,31,5,Friday,35,243,2018-08,2018-Q3,0
2018-09-01,2018,9,September,3,1,6,Saturday,35,244,2018-09,2018-Q3,1
2018-09-02,2018,9,September,3,2,7,Sunday,35,245,2018-09,2018-Q3,1
2018-09-03,2018,9,September,3,3,1,Monday,36,246,2018-09,2018-Q3,0
2018-09-04,2018,9,September,3,4,2,Tuesday,36,247,2018-09,2018-Q3,0
2018-09-05,2018,9,September,3,5,3,Wednesday,36,248,2018-09,2018-Q3,0
2018-09-06,2018,9,September,3,6,4,Thursday,36,249,2018-09,2018-Q3,0
2018-09-07,2018,9,September,3,7,5,Friday,36,250,2018-09,2018-Q3,0
2018-09-08,2018,9,September,3,8,6,Saturday,36,251,2018-09,2018-Q3,1
2018-09-09,2018,9,September,3,9,7,Sunday,36,252,2018-09,2018-Q3,1
2018-09-10,2018,9,September,3,10,1,Monday,37,253,2018-09,2018-Q3,0
2018-09-11,2018,9,September,3,11,2,Tuesday,37,254,2018-09,2018-Q3,0
2018-09-12,2018,9,September,3,12,3,Wednesday,37,255,2018-09,2018-Q3,0
2018-09-13,2018,9,September,3,13,4,Thursday,37,256,2018-09,2018-Q3,0
2018-09-14,2018,9,September,3,14,5,Friday,37,257,2018-09,2018-Q3,0
2018-09-15,2018,9,September,3,15,6,Saturday,37,258,2018-09,2018-Q3,1
2018-09-16,2018,9,September,3,16,7,Sunday,37,259,2018-09,2018-Q3,1
2018-09-17,2018,9,September,3,17,1,Monday,38,260,2018-09,2018-Q3,0
2018-09-18,2018,9,September,3,18,2,Tuesday,38,261,2018-09,2018-Q3,0
2018-09-19,2018,9,September,3,19,3,Wednesday,38,262,2018-09,2018-Q3,0
2018-09-20,2018,9,September,3,20,4,Thursday,38,263,2018-09,2018-Q3,0
2018-09-21,2018,9,September,3,21,5,Friday,38,264,2018-09,2018-Q3,0
2018-09-22,2018,9,September,3,22,6,Saturday,38,265,2018-09,2018-Q3,1
2018-09-23,2018,9,September,3,23,7,Sunday,38,266,2018-09,2018-Q3,1
2018-09-24,2018,9,September,3,24,1,Monday,39,267,2018-09,2018-Q3,0
2018-09-25,2018,9,September,3,25,2,Tuesday,39,268,2018-09,2018-Q3,0
2018-09-26,2018,9,September,3,26,3,Wednesday,39,269,2018-09,2018-Q3,0
2018-09-27,2018,9,September,3,27,4,Thursday,39,270,2018-09,2018-Q3,0
2018-09-28,2018,9,September,3,28,5,Friday,39,271,2018-09,2018-Q3,0
2018-09-29,2018,9,September,3,29,6,Saturday,39,272,2018-09,2018-Q3,1
2018-09-30,2018,9,September,3,30,7,Sunday,39,273,2018-09,2018-Q3,1
2018-10-01,2018,10,October,4,1,1,Monday,40,274,2018-10,2018-Q4,0
2018-10-02,2018,10,October,4,2,2,Tuesday,40,275,2018-10,2018-Q4,0
2018-10-03,2018,10,October,4,3,3,Wednesday,40,276,2018-10,2018-Q4,0
2018-10-04,2018,10,October,4,4,4,Thursday,40,277,2018-10,2018-Q4,0
2018-10-05,2018,10,October,4,5,5,Friday,40,278,2018-10,2018-Q4,0
2018-10-06,2018,10,October,4,6,6,Saturday,40,279,2018-10,2018-Q4,1
2018-10-07,2018,10,October,4,7,7,Sunday,40,280,2018-10,2018-Q4,1
2018-10-08,2018,10,October,4,8,1,Monday,41,281,2018-10,2018-Q4,0
2018-10-09,2018,10,October,4,9,2,Tuesday,41,282,2018-10,2018-Q4,0
2018-10-10,2018,10,October,4,10,3,Wednesday,41,283,2018-10,2018-Q4,0
2018-10-11,2018,10,October,4,11,4,Thursday,41,284,2018-10,2018-Q4,0
2018-10-12,2018,10,October,4,12,5,Friday,41,285,2018-10,2018-Q4,0
2018-10-13,2018,10,October,4,13,6,Saturday,41,286,2018-10,2018-Q4,1
2018-10-14,2018,10,October,4,14,7,Sunday,41,287,2018-10,2018-Q4,1
2018-10-15,2018,10,October,4,15,1,Monday,42,288,2018-10,2018-Q4,0
2018-10-16,2018,10,October,4,16,2,Tuesday,42,289,2018-10,2018-Q4,0
2018-10-17,2018,10,October,4,17,3,Wednesday,42,290,2018-10,2018-Q4,0
